,Commune,Appartement,Maison
0,LAVAL,1512.407800669987,1861.0769154768932
1,LE MANS,1456.7449697380332,1890.208273760134
2,NANTES,3362.012666670613,4360.545869115909
3,REZE,2330.0798791786715,3666.92594611005
4,ROCHE SUR YON (LA),1738.6563552076123,1943.6985471265923
5,SAINT-NAZAIRE,2288.181428403936,6638.91834089171
6,SAUMUR,1434.2900979806143,1637.501444100031
7,ST-HERBLAIN,2345.799297625744,3112.356457410882
